Inspection ID,DBA Name,AKA Name,License #,Facility Type,Risk,Address,City,State,Zip,Inspection Date,Inspection Type,Results,Violations,Latitude,Longitude,Location
2591577,RAMOVA,RAMOVA,2924045,Restaurant,Risk 1 (High),3506-3520 S HALSTED ST ,CHICAGO,IL,60609,03/25/2024,Non-Inspection,No Entry,,41.83050954709995,-87.64624669080342,"(41.83050954709995, -87.64624669080342)"
2591560,"WEST TOWN DAYCARE ,LLC","WEST TOWN DAYCARE, LLC",2570038,Children's Services Facility,Risk 1 (High),2751 W CORTEZ ST ,CHICAGO,IL,60622,03/25/2024,Canvass,Fail,10. ADEQUATE HANDWASHING SINKS PROPERLY SUPPLIED AND ACCESSIBLE - Comments: OBSERVED HOT WATER AT 2 HAND SINKS IN ROOM #5 WITH A MAXIMUM HOT WATER TEMPERATURE OF 75 F. SINKS WERE LOCATED NEAR THE COOLER AND PREP AREA IN THE CLASSROOM WHERE INFANTS WERE EATING. INSTRUCTED MANAGER TO ENSURE ALL HAND WASHING SINKS HAVE A MINIMUM HOT WATER TEMPERATURE OF 100 F.  PRIORITY VIOLATION 7-38-030(C). CITATION ISSUED.,41.9000918605704,-87.69640926723595,"(41.9000918605704, -87.69640926723595)"
2591574,BURGER KING,BURGER KING,2422764,Restaurant,Risk 2 (Medium),4910 W NORTH AVE ,CHICAGO,IL,60639,03/25/2024,Complaint Re-Inspection,Pass,,41.909689477429616,-87.74967070603273,"(41.909689477429616, -87.74967070603273)"
2591545,LUSH WINE & SPIRITS,LUSH WINE & SPIRITS,2008711,Restaurant,Risk 1 (High),1412 W CHICAGO AVE ,CHICAGO,IL,60642,03/22/2024,Canvass,Pass,56. ADEQUATE VENTILATION & LIGHTING; DESIGNATED AREAS USED - Comments: OBSERVED THE VENTILATION FAN NOT OPERABLE IN ONE OF THE RESTROOMS. MANAGEMENT INSTRUCTED TO REPAIR/REPLACE THE FAN. | 58. ALLERGEN TRAINING AS REQUIRED - Comments: OBSERVED THE CERTIFIED MANAGER WITHOUT AN ALLERGEN TRAINING CERTIFICATE. MANAGEMENT INSTRUCTED THAT ALL CERTIFIED FOOD MANAGERS MUST PROVIDE PROOF OF TRAINING.,41.89625011016584,-87.66295410715367,"(41.89625011016584, -87.66295410715367)"
2591516,Howl at the Moon,Howl at the Moon,1140213,Restaurant,Risk 1 (High),26-30 W HUBBARD ST ,CHICAGO,IL,60654,03/22/2024,Non-Inspection,No Entry,,41.890158698721514,-87.62900058152663,"(41.890158698721514, -87.62900058152663)"
2591502,FALCON FUEL,FALCON FUEL,2483316,Grocery Store,Risk 1 (High),43-57 N HOMAN BLVD ,CHICAGO,IL,60624,03/22/2024,Canvass Re-Inspection,Pass,,41.882211292040566,-87.7108986080365,"(41.882211292040566, -87.7108986080365)"
2591513,GEMMA FOODS,GEMMA FOODS,2827340,Restaurant,Risk 1 (High),1117 W GRAND AVE ,CHICAGO,IL,60642,03/22/2024,Canvass,Pass,"55. PHYSICAL FACILITIES INSTALLED, MAINTAINED & CLEAN - Comments: REMOVE UNUSED ITEMS FROM THE FLOOR OF THE BASEMENT AND STORE REMAINING ITEMS OFF OF THE FLOOR TO PREVENT PEST HARBORAGE CONDITIONS.",41.89099244097214,-87.65538229991698,"(41.89099244097214, -87.65538229991698)"
2591487,SUBWAY 29772,SUBWAY 29772,2713360,Restaurant,Risk 1 (High),1139 W GRANVILLE AVE ,CHICAGO,IL,60660,03/22/2024,Canvass,Out of Business,,41.994447305068526,-87.65993657902533,"(41.994447305068526, -87.65993657902533)"
2591493,KENYATTA'S DAYCARE,KENYATTA'S DAYCARE,2215571,Daycare Above and Under 2 Years,Risk 1 (High),2334 E 75TH ST ,CHICAGO,IL,60649,03/22/2024,Canvass,Pass,,41.75908547586528,-87.56744784945764,"(41.75908547586528, -87.56744784945764)"
2591478,CHISOX BAR & GRILL,CHISOX BAR & GRILL,2952529,Restaurant,Risk 1 (High),320 W 35TH ST ,CHICAGO,IL,60616,03/22/2024,License Re-Inspection,Pass,,41.83100808816173,-87.63493248572952,"(41.83100808816173, -87.63493248572952)"
2591472,CHISOX BAR & GRILL,CHISOX BAR & GRILL,2952530,Restaurant,Risk 1 (High),320 W 35TH ST ,CHICAGO,IL,60616,03/22/2024,License Re-Inspection,Pass,,41.83100808816173,-87.63493248572952,"(41.83100808816173, -87.63493248572952)"
2591475,HUBBARD INN,HUBBARD INN,2658665,Restaurant,Risk 1 (High),5700 S CICERO AVE ,CHICAGO,IL,60638,03/22/2024,Canvass,Pass,,41.789329323265385,-87.74164564419637,"(41.789329323265385, -87.74164564419637)"
2591461,TSUKIJI FISH MARKET,TSUKIJI SUSHI SAKE BAR,2744412,Restaurant,Risk 1 (High),1156 W GRAND AVE ,CHICAGO,IL,60642,03/21/2024,Canvass,Out of Business,,41.89119527078575,-87.65688615805686,"(41.89119527078575, -87.65688615805686)"
2591453,FLOWER CONVENIENT MART,FLOWER CONVENIENT MART,2957188,Grocery Store,Risk 3 (Low),4951 S CICERO AVE ,CHICAGO,IL,60632,03/21/2024,License,Pass,"55. PHYSICAL FACILITIES INSTALLED, MAINTAINED & CLEAN - Comments: OBSERVED WATER DAMAGED CEILING TILES IN CEILING ABOVE SALES FLOOR. INSTRUCTED PERSON IN CHARGE TO REPAIR AND MAINTAIN. ",41.80246885649078,-87.74286543854367,"(41.80246885649078, -87.74286543854367)"
2591450,Y B MIDWAY INC.,EXXON,2253150,Grocery Store,Risk 3 (Low),4951 S CICERO AVE ,CHICAGO,IL,60632,03/21/2024,Canvass,Out of Business,,41.80246885649078,-87.74286543854367,"(41.80246885649078, -87.74286543854367)"
2591443,P & S Meats,P & S Meats,1969664,Grocery Store,Risk 1 (High),7544 N Milwaukee AVE ,CHICAGO,IL,60631,03/21/2024,Canvass Re-Inspection,Pass,,42.018255986893614,-87.80713467127238,"(42.018255986893614, -87.80713467127238)"
2591449,BAYAN KO DINER,BAYAN KO DINER,2956745,,Risk 1 (High),1820-1822 W MONTROSE AVE ,CHICAGO,IL,60613,03/21/2024,License,Not Ready,,41.961612134767414,-87.67543734575274,"(41.961612134767414, -87.67543734575274)"
2591436,LAST CHANCE FOOD MART,LAST CHANCE FOOD MART,2956581,Grocery Store,Risk 3 (Low),347 E 47TH ST ,CHICAGO,IL,60653,03/21/2024,License,Pass,,41.809255298669875,-87.617750062702,"(41.809255298669875, -87.617750062702)"
2591430,STEAK & EGGER,STEAK & EGGER,13520,Restaurant,Risk 1 (High),1174 W CERMAK RD ,CHICAGO,IL,60608,03/21/2024,Canvass Re-Inspection,Pass,,41.852608269755734,-87.65596319826747,"(41.852608269755734, -87.65596319826747)"
2591434,DAEEBAK KOREAN BBQ WP,DAEEBAK KOREAN BBQ WP,2952278,Restaurant,Risk 1 (High),1266 N MILWAUKEE AVE ,CHICAGO,IL,60622,03/21/2024,License Re-Inspection,Pass,,41.90468982848127,-87.66878127418673,"(41.90468982848127, -87.66878127418673)"
2591420,"CAFE DESCARTES MIDWAY JV, LLC","CAFE DESCARTES MIDWAY JV, LLC",2796606,Restaurant,Risk 1 (High),5757 S CICERO AVE ,CHICAGO,IL,60638,03/21/2024,Canvass,Pass,,41.78783563115532,-87.74127655955658,"(41.78783563115532, -87.74127655955658)"
2591416,PROVIDENT CAFE,PROVIDENT CAFE,2496842,Hospital,Risk 1 (High),500 E 51ST ST ,CHICAGO,IL,60615,03/21/2024,Canvass Re-Inspection,Pass,,41.802238709769085,-87.61399572714086,"(41.802238709769085, -87.61399572714086)"
2591415,BOTTOM UP ACCESSORIES,BOTTOM UP ACCESSORIES,2757331,Grocery Store,Risk 3 (Low),1554 S PULASKI RD ,CHICAGO,IL,60623,03/21/2024,Canvass,Pass,,41.859070598063354,-87.72510732904274,"(41.859070598063354, -87.72510732904274)"
2591375,MEDITERRANEAN STOP,MEDITERRANEAN STOP,2762503,Mobile Food Preparer,Risk 2 (Medium),135 N KEDZIE AVE ,CHICAGO,IL,60612,03/20/2024,License,Pass,"47. FOOD & NON-FOOD CONTACT SURFACES CLEANABLE, PROPERLY DESIGNED, CONSTRUCTED & USED - Comments: OBSERVED RUST ON THE INTERIOR SURFACES AND WIRE RACKS OF THE BEVERAGE COOLER.  MANAGEMENT INSTRUCTED TO SCRAPE AND REPAINT THE RUSTED SURFACES. | 55. PHYSICAL FACILITIES INSTALLED, MAINTAINED & CLEAN - Comments: SEAL ALL THE OPENINGS AND GAPS IN THE CEILING AND WALLS OF THE TRUCK.",41.88390509704504,-87.70605925083947,"(41.88390509704504, -87.70605925083947)"
2591366,NANDO'S PERI-PERI,NANDO'S PERI-PERI,2390927,Restaurant,Risk 1 (High),1500 N CLYBOURN AVE ,CHICAGO,IL,60610,03/20/2024,Canvass Re-Inspection,Pass,,41.90856013536843,-87.64645268572522,"(41.90856013536843, -87.64645268572522)"
2591350,SOUNDING,SOUNDING,2944049,Restaurant,Risk 3 (Low),1200 S JEAN BAPTISTE POINTE DUSABLE DR ,CHICAGO,IL,60605,03/20/2024,License,Pass,,,,
2591353,BUBBLE NET,BUBBLE NET,2944046,Restaurant,Risk 3 (Low),1200 S JEAN BAPTISTE POINTE DUSABLE DR ,CHICAGO,IL,60605,03/20/2024,License,Pass,,,,
2591347,SOUNDING,SOUNDING,2944047,Restaurant,Risk 1 (High),1200 S JEAN BAPTISTE POINTE DUSABLE DR ,CHICAGO,IL,60605,03/20/2024,Canvass,Pass,,,,
2591343,ANTICONQUISTA CAFE,ANTICONQUISTA CAFE,2718464,Mobile Prepared Food Vendor,Risk 3 (Low),324 N LEAVITT ST ,CHICAGO,IL,60612,03/20/2024,License,Pass,,41.88743405025222,-87.68184949426895,"(41.88743405025222, -87.68184949426895)"
2591341,DAEEBAK KOREAN BBQ WP,DAEEBAK KOREAN BBQ WP,2952278,Restaurant,Risk 1 (High),1266 N MILWAUKEE AVE ,CHICAGO,IL,60622,03/20/2024,License,Fail,2. CITY OF CHICAGO FOOD SERVICE SANITATION CERTIFICATE - Comments: OBSERVED NO ORIGINAL CITY OF CHICAGO FOOD MANAGER CERTIFICATE ON SITE. INSTRUCTED MANAGER TO PROVIDE. PRIORITY FOUNDATION VIOLATION 7-38-012 NO CITATION ISSUED. | 10. ADEQUATE HANDWASHING SINKS PROPERLY SUPPLIED AND ACCESSIBLE - Comments: OBSERVED HAND NO HAND WASHING SINK PLACED IN CONVENIENT LOCATION NEAR GRIDDLE AND PREP AREA IN CENTER OF KITCHEN. INSTRUCTED MANAGER TO INSTALL HAND WASHING SINK. PRIORITY FOUNDATION VIOLATION 7-38-030(C) NO CITATION ISSUED.,41.90468982848127,-87.66878127418673,"(41.90468982848127, -87.66878127418673)"
2591294,KFC,KENTUCKY FRIED CHICKEN,2905980,Restaurant,Risk 1 (High),300 E 35TH ST ,CHICAGO,IL,60616,03/19/2024,Canvass,Out of Business,,41.831192408738374,-87.61928919948132,"(41.831192408738374, -87.61928919948132)"
2591299,TOON'S BAR & GRILL,TOON'S BAR & GRILL,17186,Restaurant,Risk 1 (High),3857 N SOUTHPORT AVE ,CHICAGO,IL,60613,03/19/2024,Canvass Re-Inspection,Pass,"38. INSECTS, RODENTS, & ANIMALS NOT PRESENT - Comments: OPEN WINDOW IN THE KITCHEN TO THE OUTDOORS NOT SCREENED. MUST PROVIDE A TIGHT FITTING MESH SCREEN ON OPEN KITCHEN WINDOW TO PREVENT PEST ENTRY. | 49. NON-FOOD/FOOD CONTACT SURFACES CLEAN - Comments:  BOTTOM METAL SHELVING OF THE KITCHEN PREP TABLE NOTED DIRTY/RUSTY. MUST CLEAN AND REMOVE RUST. | 57. ALL FOOD EMPLOYEES HAVE FOOD HANDLER TRAINING - Comments:  COOK ON SITE WITHOUT PROOF OF FOOD HANDLER TRAINING OR CERTIFICATE. MUST PROVIDE FOR ALL REQUIRED EMPLOYEES.",41.95240164062764,-87.66401827319031,"(41.95240164062764, -87.66401827319031)"
2591292,PUPUSERIA CAFE,PUPUSERIA CAFE,2501354,Restaurant,Risk 1 (High),6533 W 63RD ST ,CHICAGO,IL,60638,03/19/2024,Canvass,Pass,"49. NON-FOOD/FOOD CONTACT SURFACES CLEAN - Comments: OBSERVED PAINT PEELING ON BATHROOM SINK CABINET. INSTRUCTED PERSON IN CHARGE TO REPAIR AND MAINTAIN. | 53. TOILET FACILITIES: PROPERLY CONSTRUCTED, SUPPLIED, & CLEANED - Comments: OBSERVED TOILET ROOM DOOR NOT SELF-CLOSING. INSTRUCTED PERSON IN CHARGE TO REPAIR AND MAINTAIN. | 55. PHYSICAL FACILITIES INSTALLED, MAINTAINED & CLEAN - Comments: OBSERVED WALL IN UTILITY ROOM TO HAVE HOLES. INSTRUCTED PERSON IN CHARGE TO REPAIR AND MAINTAIN.",41.77751090774181,-87.7850672267915,"(41.77751090774181, -87.7850672267915)"
2591290,CHUCK'S PIZZA,CHUCK'S PIZZA,2693967,Restaurant,Risk 1 (High),10123 S WESTERN AVE ,CHICAGO,IL,60643,03/19/2024,Complaint,No Entry,,41.70933147991459,-87.68156400297771,"(41.70933147991459, -87.68156400297771)"
2591268,ABA/ THE DALCY,ABA/ THE DALCY,2583412,Restaurant,Risk 1 (High),302 N GREEN ST FL 3,CHICAGO,IL,60607,03/19/2024,Non-Inspection,No Entry,,41.88688930565887,-87.64882279182801,"(41.88688930565887, -87.64882279182801)"
2591270,SUSHI KOI,SUSHI KOI,2924706,Restaurant,Risk 3 (Low),2154-2156 N CLYBOURN AVE ,CHICAGO,IL,60614,03/19/2024,License,Pass,,41.92045271922758,-87.66299816400839,"(41.92045271922758, -87.66299816400839)"
2591258,CELINA DELI,CELINA DELI,24696,Grocery Store,Risk 1 (High),5089 S ARCHER AVE ,CHICAGO,IL,60632,03/19/2024,Canvass,Pass,"49. NON-FOOD/FOOD CONTACT SURFACES CLEAN - Comments: OBSERVED BUILD-UP OF RUST ON PREP TABLE IN REAR DISHWASHING AREA. INSTRUCTED THE PERSON IN CHARGE TO REMOVE ALL RUST AND MAINTAIN. | 53. TOILET FACILITIES: PROPERLY CONSTRUCTED, SUPPLIED, & CLEANED - Comments: OBSERVED NO COVERED RECEPTACLE IN THE RESTROOM. INSTRUCTED PERSON IN CHARGE TO PROVIDE COVERED RECEPTACLE AND MAINTAIN. | 55. PHYSICAL FACILITIES INSTALLED, MAINTAINED & CLEAN - Comments: OBSERVED PEELING PAINT IN WASHROOM ON CEILING AND WALL. OBSERVED BROKEN TILE ON WASHROOM FLOOR NEAR TOILET. INSTRUCTED THE PERSON IN CHARGE TO REPAIR ALL AREAS TO BE SMOOTH AND EASILY CLEANABLE.",41.80081404526975,-87.72840968293507,"(41.80081404526975, -87.72840968293507)"
2591255,FIORETTA,FIORETTA,2886390,Restaurant,Risk 1 (High),310-318 N SANGAMON ST ,CHICAGO,IL,60607,03/19/2024,Non-Inspection,No Entry,,41.88710986216882,-87.65116394801733,"(41.88710986216882, -87.65116394801733)"
2591252,KEMIT ACADEMY INCORPORATED,KEMIT ACADEMY INCORPORATED,2738294,Children's Services Facility,Risk 1 (High),5106 S DORCHESTER AVE ,CHICAGO,IL,60615,03/19/2024,Canvass,Pass,51. PLUMBING INSTALLED; PROPER BACKFLOW DEVICES - Comments: OBSERVED A LEAK AT THE 3 COMP SINK BOTTOM OF THE 1st SINK. MUST REPAIR AND MAINTAIN.,41.80216092459416,-87.59199580906566,"(41.80216092459416, -87.59199580906566)"
2591243,ROGERS PARK TAPROOM & COFFEE HOUSE,ROGERS PARK TAPROOM & COFFEE HOUSE,2956562,Restaurant,Risk 1 (High),1615 W HOWARD ST ,CHICAGO,IL,60626,03/19/2024,License,Fail,"39. CONTAMINATION PREVENTED DURING FOOD PREPARATION, STORAGE & DISPLAY - Comments: ADDITIONAL SPLASH GUARD IS NEEDED BETWEEN FRONT COUNTER(BAR/SERVING AREA) AND HANDWASHING SINK. SURFACE MUST BE SMOOTH,CLEANABLE AND NON-ABSORBENT SURFACE. | 47. FOOD & NON-FOOD CONTACT SURFACES CLEANABLE, PROPERLY DESIGNED, CONSTRUCTED & USED - Comments: THREE BRICKS AND  A PIECE OF CARDBOARD HOLDING UP DRAIN PIPES UNDER THE THREE COMPARTMENT SINK.NOT EASILY CLEANABLE.SURFACE MUST BE SMOOTH,CLEANABLE AND NON-ABSORBENT MATERIAL | 51. PLUMBING INSTALLED; PROPER BACKFLOW DEVICES - Comments:  NO BACK FLOW PREVENTION DEVICE PROVIDED AT ICE MACHINE AND ESPRESSO MACHINE WATER LINE,AT FRONT PREP/REAR AREA. MUST INSTALL SO BACK FLOW PREVENTION DEVICE MAY BE LOCATED TO BE SERVICED AND MAINTAIN,OR TO KNOW LOCATION. | 51. PLUMBING INSTALLED; PROPER BACKFLOW DEVICES - Comments: THREE COMPARTMENT SINK AT FRONT BAR AREA WATER BACKING UP WHEN FAUCET IS TURNED ON.INSTRUCTED TO REPAIR ISSUE. PRIORITY VIOLATION7-38-030(C)",42.01926995801616,-87.6720332966243,"(42.01926995801616, -87.6720332966243)"
2591225,BURGUR BOY LOUNGE CORP,BURGUR BOY LOUNGE CORP,2775914,Restaurant,Risk 1 (High),2657 W DEVON AVE ,CHICAGO,IL,60659,03/18/2024,Complaint Re-Inspection,Out of Business,,41.99749525704475,-87.69705608404989,"(41.99749525704475, -87.69705608404989)"
2591218,"TONY'S TACOS AND BURGERS,INC.","TONY'S TACOS AND BURGERS, INC.",2862493,Restaurant,Risk 1 (High),1724 W 51st ST ,CHICAGO,IL,60609,03/18/2024,Canvass Re-Inspection,Pass,,41.80139599557942,-87.66836713634461,"(41.80139599557942, -87.66836713634461)"
2591197,Shields ANNEX,Shields ANNEX,25361,School,Risk 1 (High),4231 S TALMAN AVE ,CHICAGO,IL,60632,03/18/2024,Canvass,Pass,,41.8164872692926,-87.69063241258704,"(41.8164872692926, -87.69063241258704)"
2591201,AMSTAR,AMSTAR,1043848,GAS STATION,Risk 2 (Medium),7560 S COTTAGE GROVE AVE ,CHICAGO,IL,60619,03/18/2024,Canvass,Out of Business,,41.75684589850627,-87.60549463695976,"(41.75684589850627, -87.60549463695976)"
2591199,"LEON'S CHICAGO'S BEST, INC",LEON'S,2570328,Restaurant,Risk 1 (High),1528 E 63RD ST ,CHICAGO,IL,60637,03/18/2024,Canvass Re-Inspection,Pass,,41.78070131352501,-87.58788626949153,"(41.78070131352501, -87.58788626949153)"
2591179,BUDLONG SOUTHERN CHICKEN HAYDEN HALL,BUDLONG SOUTHERN CHICKEN HAYDEN HALL,2957080,FOOD HALL,Risk 1 (High),333 S WABASH AVE ,CHICAGO,IL,60604,03/18/2024,License,Pass,"47. FOOD & NON-FOOD CONTACT SURFACES CLEANABLE, PROPERLY DESIGNED, CONSTRUCTED & USED - Comments: FOUND CUTTING BOARD IN REAR PREP STAINED WITH DEEP GROOVES. INSTRUCTED MANAGER TO RESURFACE OR REPLACE.  | 51. PLUMBING INSTALLED; PROPER BACKFLOW DEVICES - Comments: FOUND 1 OUT OF 3 HANDWASHING SINKS LOCATED IN MEN'S STALL TOILET ROOM WITHOUT RUNNING WATER. INSTRUCTED MANAGER TO PROVIDE. ",41.87745040460004,-87.62592197642603,"(41.87745040460004, -87.62592197642603)"
2591183,Cumin Restaurant LV,Cumin Restaurant LV,2901248,,Risk 1 (High),1039 W BELMONT AVE ,CHICAGO,IL,60657,03/18/2024,Canvass,Out of Business,,41.93977760873967,-87.65563200836264,"(41.93977760873967, -87.65563200836264)"
2591170,FOODA,FOODA,2863066,Pop-Up Food Establishment User-Tier II,Risk 2 (Medium),333 S WABASH AVE ,CHICAGO,IL,60604,03/18/2024,Canvass,Out of Business,,41.87745040460004,-87.62592197642603,"(41.87745040460004, -87.62592197642603)"
2591157,CATALOGUE HOUSE,CATALOGUE HOUSE,2956360,Restaurant,Risk 3 (Low),600 W CHICAGO AVE ,CHICAGO,IL,60654,03/18/2024,License Re-Inspection,Pass,,41.896585191199556,-87.64299618172501,"(41.896585191199556, -87.64299618172501)"
2591154,CATALOGUE HOUSE,CATALOGUE HOUSE,2956358,Restaurant,Risk 3 (Low),600 W CHICAGO AVE ,CHICAGO,IL,60654,03/18/2024,License Re-Inspection,Pass,,41.896585191199556,-87.64299618172501,"(41.896585191199556, -87.64299618172501)"
2591140,PIEROGI KITCHEN,FIREWOOD BBQ,2886852,Restaurant,Risk 1 (High),1856 W NORTH AVE ,CHICAGO,IL,60622,03/15/2024,Canvass Re-Inspection,Pass,,41.91063613478286,-87.67487609462192,"(41.91063613478286, -87.67487609462192)"
2591134,"Kitchen Chicago, LLC","Kitchen Chicago, LLC",2119905,Shared Kitchen,Risk 1 (High),324 N LEAVITT ST ,CHICAGO,IL,60612,03/15/2024,Canvass,Pass,49. NON-FOOD/FOOD CONTACT SURFACES CLEAN - Comments: CLEAN THE INTERIOR OF THE 2 DOOR FREEZER AND 2 DOOR COOLERS IN THE STORAGE AREA.,41.88743405025222,-87.68184949426895,"(41.88743405025222, -87.68184949426895)"
2591130,WILD HARE,WILD HARE,2133895,Restaurant,Risk 1 (High),2610 N HALSTED ST ,CHICAGO,IL,60614,03/15/2024,Complaint,No Entry,,41.929462059691446,-87.64904947805883,"(41.929462059691446, -87.64904947805883)"
2591132,BURRITOS AIDA,BURRITOS AIDA/TU BOTANA,2506375,Restaurant,Risk 1 (High),3211 W 59TH ST ,CHICAGO,IL,60629,03/15/2024,Canvass Re-Inspection,Pass,,41.786130727,-87.70386322007782,"(41.786130727, -87.70386322007782)"
2591098,LOS TRES AMIGOS #2,LOS TRES AMIGOS #2,2622208,Restaurant,Risk 1 (High),3335 E 106TH ST ,CHICAGO,IL,60617,03/15/2024,Canvass,Pass w/ Conditions,"1. PERSON IN CHARGE PRESENT, DEMONSTRATES KNOWLEDGE, AND PERFORMS DUTIES - Comments: OBSERVED NO PERSON IN CHARGE WITH VALID CHICAGO FOOD SANITATION CERTIFICATE. INSTRUCTED MANAGER TO DESIGNATE PERSON IN CHARGE DURING ALL HOURS OF OPERATION. PRIORITY FOUNDATION  | 2. CITY OF CHICAGO FOOD SERVICE SANITATION CERTIFICATE - Comments: OBSERVED NO CHICAGO FOOD SANITATION MANAGER ON SITE AND VALID CERTIFIATE POSTED WHEN TCS FOOD (RICE, 172.9F) PREPARED AND SERVED. A CHICAGO FOOD SANITATION MANAGER MUST BE ON SITE AND VALID CERTIFICATE POSTED AT ALL TIMES TCS FOOD PREPARED AND SERVED. PRIORITY FOUNDATION 7-38-012 CITATION ISSUED | 37. FOOD PROPERLY LABELED; ORIGINAL CONTAINER - Comments: OBSERVED BULK CONTAINERS OF (SUGAR, RICE, ETC) NOT LABELED IN REAR STORAGE AREA.INSTRUCTED MANAGER TO LABEL ALL BULK CONTAINERS WITH COMMON NAME OF FOOD. | 39. CONTAMINATION PREVENTED DURING FOOD PREPARATION, STORAGE & DISPLAY - Comments: OBSERVED NO SPLASH GUARD ON REAR HAND WASHING SINK BETWEEN 3-COMPARTMENT SINK AND PREP TABLE IN REAR DISH WASHING/PREP AREA. INSTRUCTED MANAGER TO PROVIDE SPLASH GUARD ON REAR HAND WASHING SINK AND MAINTAIN. | 47. FOOD & NON-FOOD CONTACT SURFACES CLEANABLE, PROPERLY DESIGNED, CONSTRUCTED & USED - Comments: OBSERVED COOKED RICE STORED IN GROCERY BAG IN HOT HOLDING UNIT. INSTRUCTED MANAGER TO PROVIDE PROPER FOOD STORAGE BAGS OR CONTAINERS. | 47. FOOD & NON-FOOD CONTACT SURFACES CLEANABLE, PROPERLY DESIGNED, CONSTRUCTED & USED - Comments: OBSERVED CHIPPING RAW WOOD SURFACES ON SHELVING UNITS IN REAR STORAGE AREAS. INSTRUCTED MANAGER TO SEAL ALL RAW WOOD SURFACES TO MAKE SMOOTH AND EASILY CLEANABLE. | 51. PLUMBING INSTALLED; PROPER BACKFLOW DEVICES - Comments: OBSERVED LEAKING DRAINPIPE UNDER FRONT HAND WASHING SINK. INSTRUCTED MANAGER TO REPAIR AND MAINTAIN. | 54. GARBAGE & REFUSE PROPERLY DISPOSED; FACILITIES MAINTAINED - Comments: OBSERVED LITTER ON GROUND AROUND DUMPSTER INSIDE OUTSIDE REFUSE ENCLOSURE. INSTRUCTED MANAGER TO CLEAN AND MAINTAIN. | 55. PHYSICAL FACILITIES INSTALLED, MAINTAINED & CLEAN - Comments: OBSERVED DUST BUILDUP ON VENTILATION FAN IN WASHROOM. INSTRUCTED MANAGER TO CLEAN AND MAINTAIN. | 55. PHYSICAL FACILITIES INSTALLED, MAINTAINED & CLEAN - Comments: OBSERVED OPENING IN WALL UNDER REAR HAND WASHING SINK AND STAINED CEILING TILES IN FRONT STORAGE AREA. INSTRUCTED MANAGER TO REPAIR/REPLACE AND MAINTAIN.",41.70264905300071,-87.54241659790318,"(41.70264905300071, -87.54241659790318)"
2591086,"CREATIVE KIDZ LEARNING CENTER, INC.","CREATIVE KIDZ LEARNING CENTER, INC.",2476421,Daycare Above and Under 2 Years,Risk 1 (High),5776-5778 N LINCOLN AVE ,CHICAGO,IL,60659,03/15/2024,License,Pass,,41.98639000133417,-87.70089409380749,"(41.98639000133417, -87.70089409380749)"
2591081,BUY THE POUND BAKERY INC.,BUY THE POUND BAKERY INC.,2911938,Shared Kitchen User (Long Term),Risk 2 (Medium),5035 S EASTEND AVE ,CHICAGO,IL,60615,03/15/2024,Canvass,Pass,,41.80331559060245,-87.58528741810433,"(41.80331559060245, -87.58528741810433)"
2591327,ASHLAND FOOD MART,ASHLAND FOOD MART,2924405,Grocery Store,Risk 3 (Low),8224 S ASHLAND AVE ,CHICAGO,IL,60620,03/15/2024,Canvass,Out of Business,,41.74412406512993,-87.66342840329689,"(41.74412406512993, -87.66342840329689)"
2591060,DUNKIN DONUTS,DUNKIN DONUTS,2013325,Restaurant,Risk 2 (Medium),1234 N HALSTED AVE ,CHICAGO,IL,60642,03/14/2024,Canvass,Out of Business,,41.90450210717989,-87.64826686780404,"(41.90450210717989, -87.64826686780404)"
2591049,BODY ENGERY CLUB - THE LOOP,EQUINOX,2901215,Restaurant,Risk 2 (Medium),200 W MONROE ST ,CHICAGO,IL,60606,03/14/2024,Canvass,Pass,40. PERSONAL CLEANLINESS - Comments: Food handler with no hair restraint while handling open food. instructed manager to wear hair restraint.,41.880768960917806,-87.63387497409452,"(41.880768960917806, -87.63387497409452)"
2591047,LILCOUNTRY SOUL FOOD,LILCOUNTRY SOUL FOOD,2807665,Restaurant,Risk 1 (High),2801 E 83RD ST ,CHICAGO,IL,60617,03/14/2024,Canvass Re-Inspection,Pass,51. PLUMBING INSTALLED; PROPER BACKFLOW DEVICES - Comments: OBSERVED LEAKING HANDLE AND FAUCET ON 3-COMPARTMENT SINK. INSTRUCTED MANAGER TO REPAIR AND MAINTAIN.,41.74448285793145,-87.55637342414282,"(41.74448285793145, -87.55637342414282)"
2591046,FRESHII,FRESHII,1959069,Restaurant,Risk 1 (High),200 W MONROE ST ,CHICAGO,IL,60606,03/14/2024,Canvass,Out of Business,,41.880768960917806,-87.63387497409452,"(41.880768960917806, -87.63387497409452)"
2591011,PANDA EXPRESS #2840,PANDA EXPRESS,2565064,Restaurant,Risk 1 (High),1250 S CANAL ST ,CHICAGO,IL,60607,03/14/2024,Canvass,Pass w/ Conditions,"1. PERSON IN CHARGE PRESENT, DEMONSTRATES KNOWLEDGE, AND PERFORMS DUTIES - Comments: OBSERVED NO PERSON IN CHARGE WITH VALID CHICAGO FOOD SANITATION CERTIFICATE.    | 2. CITY OF CHICAGO FOOD SERVICE SANITATION CERTIFICATE - Comments: OBSERVED NO CERTIFIED FOOD MANAGER ON DUTY WHILE TCS FOODS ARE BEING PREPARED, HANDLED AND SERVED SUCH AS (CHICKEN, BEEF, FRIED RICE, ETC) MUST BE ON SITE AT ALL TIMES. PRIORITY FOUNDATION 7-38-012. CITATION ISSUED. | 61. SUMMARY REPORT DISPLAYED AND VISIBLE TO THE PUBLIC - Comments: OBSERVED NO INSPECTION REPORT SUMMARY POSTED ON THE PREMISES FROM 4/14/23 REPORT #2574297. MANAGEMENT WAS GIVEN A COPY OF TODAY'S INSPECTION REPORT AND WAS INSTRUCTED TO POST IT IN PUBLIC VIEW. PRIORITY FOUNDATION 7-42-010(B).  CITATION ISSUED.",41.86586030397201,-87.63934992374816,"(41.86586030397201, -87.63934992374816)"
2591004,YANGOS GRILL FAMILY OWNED SINCE 1986,YANGOS GRILL FAMILY OWNED SINCE 1986,2895678,Restaurant,Risk 1 (High),2845 N Broadway ,CHICAGO,IL,60657,03/14/2024,Canvass,Out of Business,,41.93398141432405,-87.6442622020541,"(41.93398141432405, -87.6442622020541)"
2591002,WEST LOOP #3,WEST LOOP #3,2930099,Grocery Store,Risk 3 (Low),1115 W LAKE ST BLDG ,CHICAGO,IL,60607,03/14/2024,License,Pass,,41.8854238905558,-87.65514093281055,"(41.8854238905558, -87.65514093281055)"
2591000,FLIP N D'S INC,FLIP N D'S,2948433,Restaurant,Risk 3 (Low),3215 N HARLEM AVE ,CHICAGO,IL,60634,03/14/2024,License,Pass,,41.93848470457911,-87.80661664953259,"(41.93848470457911, -87.80661664953259)"
2591003,POPPERS,POPPERS,2934153,Restaurant,Risk 1 (High),2845 N Broadway ,CHICAGO,IL,60657,03/14/2024,Canvass,Out of Business,,41.93398141432405,-87.6442622020541,"(41.93398141432405, -87.6442622020541)"
2590989,WEST LOOP #3,WEST LOOP #3,2930096,Grocery Store,Risk 3 (Low),1115 W LAKE ST BLDG ,CHICAGO,IL,60607,03/14/2024,License,Pass,,41.8854238905558,-87.65514093281055,"(41.8854238905558, -87.65514093281055)"
2590970,"ITALIAN FIESTA PIZZERIA, INC","ITALIAN FIESTA PIZZERIA, INC",31036,Restaurant,Risk 1 (High),8058 S HALSTED ST ,CHICAGO,IL,60620,03/13/2024,Canvass,Pass w/ Conditions,"8. HANDS CLEAN & PROPERLY WASHED - Comments: OBSERVED POOR HYGIENIC PRACTICIES BY MALE FOOD HANDLER HE PLACED A BAG INSIDE OF GARBAGE CAN THEN MOVED IT PUT ON HIS APRON AND PLASTIC GLOVES GRABBED A HANDFUL OF CHEESE AND PLACED ON A PIZZA WITHOUT WASHING HIS HANDS.THE FEMALE ENPLOYEE HAD BEEN HANDLING MONEY AT FRONT SERVICE COUNTER CAME TO REAR PREP AREA AND HANDLED FOOD WITHOUT WASHING HANDS AS WELL. INSTRUCTED MANGER TO HAVE THEM WASH HANDS AFTER EVERY POSSIBLE CONTAMINATION.(COS)(PRIORITY 7-38-010)(CITATION ISSUED) | 10. ADEQUATE HANDWASHING SINKS PROPERLY SUPPLIED AND ACCESSIBLE - Comments: OBSERVED NO SOAP AT REAR PREP AREA HAND SINK SOAP WAS PROVIDED DURING INSPECTION MUST PROVIDE AND MAINTAIN AT ALL TIMES.(PRIORITY FOUNDATION 7-38-030(C)(CITATION ISSUED)(COS) | 10. ADEQUATE HANDWASHING SINKS PROPERLY SUPPLIED AND ACCESSIBLE - Comments: OBSERVED REAR PREP AREA HAND SINK NOT ACCESSIBLE OBSERVED A SMALL FOIL PAN IN REAR PREP AREA HAND SINK BASIN. PAN WAS REMOVED DURING INSPECTION. MUST KEEP ACCESSIBLE AT ALL TIMES AND MAINTAIN.(PRIORITY FOUNDATION 7-38-030(C)(COS)(CONSOLIDATED VIOLATION) | 21. PROPER HOT HOLDING TEMPERATURES - Comments: OBSERVED IMPROPER TEMPERATURES OF TCS READY TO EAT FOODS IN HOT HOLDING CABINET SUCH AS INDIVIDUAL BOXED SLICED VARIETY OF PIZZAS SUCH AS (SAUSAGE-120.0F,CHEESE -115.0F,PEPPERONI-120.9F,VEGETABLE-110.1F,CHICKEN-127.4)PRODUCT WAS DISCARDED BY MANAGER.MUST HAVE HOT HOLDING FOODS AT 135.0F OR ABOVE. APPX. 3.5LBS.$60.(PRIORITY 7-38-005)(CITATION ISSUED)(COS) | 22. PROPER COLD HOLDING TEMPERATURES - Comments: OBSERVED IMPROPER TEMPERATURES OF TCS FOODS ON TOPSIDE & IN 3- DOOR PIZZA PREP COOLER SUCH AS 15LBS. SAUSAGE-49.5F-53.6F,7LBS. DICED CHICKEN-49.3F-51.8F.7LBS.GROUNDBEEF-46.4F.8LBS. TURKEY-45.3F.2LBS. PRE-COOKED DICED BELL PEPPERS-49.5F-64.4F.9LBS. PEPPERONI-53.6F.3LBS-ITALIAN SAUSAGE-49.6F.PRODUCT WAS DISCARDED BY MANAGER.MUST HAVE COLD HOLDING FOODS AT 41.0F OR BELOW. APPX. 51LBS. $275.(PRIORITY 7-38-005)(COS)(CONSOLIDATED VIOLATION) | 33. PROPER COOLING METHODS USED; ADEQUATE EQUIPMENT FOR TEMPERATURE CONTROL - Comments: OBSERVED IMPROPER TEMPERATURE OF 3- DOOR PIZZA PREP COOLER AT 53.6F WITH TCS FOODS STORED INSIDE. A HELD FOR INSPECTION TAG PLACED ON UNIT.MUST HAVE COLD HOLDING UNIT AT 41.0F OR BELOW. ONCE REPAIRED EMAIL:CDPHFOOD@CITYOFCHICAGO.ORG.(PRIORITY 7-38-005)(CITATION ISSUED)(COS) | 36. THERMOMETERS PROVIDED & ACCURATE - Comments: MUST PROVIDE A THERMOMETER FOR 3- DOOR PIZZA PREP COOLER. | 37. FOOD PROPERLY LABELED; ORIGINAL CONTAINER - Comments: MUST LABEL SQUEEZE BOTTLES AND SHAKERS WHEN FOOD IS NOT IN ORIGINAL PACKAGE. | 46. GLOVES USED PROPERLY - Comments: OBSERVED FOOD HANDLER USING GLOVES IMPROPERLY. | 47. FOOD & NON-FOOD CONTACT SURFACES CLEANABLE, PROPERLY DESIGNED, CONSTRUCTED & USED - Comments: MUST REPAIR OR REPLACE WORN DOOR GASKETS ON 3- DOOR PIZZA PREP COOLER,WORN & PITTED CUTTING BOARDS ON PIZZA TABLES. | 49. NON-FOOD/FOOD CONTACT SURFACES CLEAN - Comments: MUST CLEAN DEBRIS BUILD UP INSIDE OF OVEN, FRYER CABINETS,WALK IN COOLER-CAN OPENER BLADE. | 56. ADEQUATE VENTILATION & LIGHTING; DESIGNATED AREAS USED - Comments: MUST REPAIR OR REPLACE BURNTOUT LIGHT AT HOODS OF PIZZA OVENS. | 56. ADEQUATE VENTILATION & LIGHTING; DESIGNATED AREAS USED - Comments: MUST CLEAN EXCESSIVE DEBRIS BUILD UP FROM FILTERS AND HOOD OF ALL COOKING EQUIPMENT AND PIZZA OVENS. | 57. ALL FOOD EMPLOYEES HAVE FOOD HANDLER TRAINING - Comments: OBSERVED NO FOOD HANDLERS TRAINING FOR ALL EMPLOYEES MUST PROVIDE AND MAINTAIN. | 58. ALLERGEN TRAINING AS REQUIRED - Comments: OBSERVED EXPIRED FOOD ALLERGEN TRAINING FOR FOOD MANAGERS MUST PROVIDE AND MAINTAIN.",41.747086098940834,-87.64408438293029,"(41.747086098940834, -87.64408438293029)"
2590959,D'AGOSTINOS PIZZA,D'AGOSTINOS PIZZA,2516916,Restaurant,Risk 1 (High),1351 W ADDISON ST ,CHICAGO,IL,60613,03/13/2024,Canvass,Fail,"37. FOOD PROPERLY LABELED; ORIGINAL CONTAINER - Comments: ALL BULK FOODS NOT IN THEIR ORIGINAL CONTAINERS MUST BE LABELED WITH THE PRODUCT COMMON NAME. | 45. SINGLE-USE/SINGLE-SERVICE ARTICLES: PROPERLY STORED & USED - Comments: ALL STORED SODA CASES MUST BE ELEVATED FROM THE FLOORS AT THE DELIVERY AREA. | 47. FOOD & NON-FOOD CONTACT SURFACES CLEANABLE, PROPERLY DESIGNED, CONSTRUCTED & USED - Comments: MUST NOT USE MILK CRATES AS A MEANS OF ELEVATION BEHIND THE 1ST FLOOR BAR. | 47. FOOD & NON-FOOD CONTACT SURFACES CLEANABLE, PROPERLY DESIGNED, CONSTRUCTED & USED - Comments: MUST NOT USE DUCT TAPE AS A MEANS OF REPAIR FOR FOOD/SPICE CONTAINERS. MUST BE SMOOTH AND CLEANABLE.----TORN/MISSING PLASTIC DOOR CURTAIN INSIDE THE KITCHEN WALK-IN COOLER. MUST REPLACE. | 49. NON-FOOD/FOOD CONTACT SURFACES CLEAN - Comments: NOTED THE FOLLOWING DIRTY WITH EXCESSIVE FOOD DEBRIS: INTERIOR ALL COOLERS AND FREEZERS, EXTERIOR OF ALL BULK FOOD CONTAINERS,PLASTIC FOOD CART ON THE COOKS LINE, EXTERIOR OF ALL COOKS LINE EQUIPMENT INCLUDING THE FLOOR STAND MIXER, TABLE TOP CAN OPENER, FOOD ENCRUSTED FRY SLICER, METAL PIZZA HOLDER RACK NEAR DELIVERY AREA.  MUST CLEAN AND MAINTAIN ALL. | 49. NON-FOOD/FOOD CONTACT SURFACES CLEAN - Comments: INTERIOR AND EXTERIOR OF KITCHEN DISH WASHING MACHINE WITH DIRT AND EXCESSIVE BUILD UP INSIDE THE MACHINE.----INTERIOR OF THE OUTDOOR SOILED LINEN CONTAINER WITH DEBRIS, OLD DIRTY MOP HEAD ETC.---INTERIOR OF THE BASEMENT UTILITY SERVICE SINK WITH FOOD DEBRIS. MUST CLEAN AND MAINTAIN ALL.----MUST NOT USE A PLASTIC TABLECLOTH AS A SPLASH GUARD AT THE PIZZA PREP AREA. MUST BE CLEANABLE. | 55. PHYSICAL FACILITIES INSTALLED, MAINTAINED & CLEAN - Comments: OBSERVED BADLY STAINED, GREASE ENCRUSTED, DIRTY AND MISSING CEILING TILES THROUGHOUT THE KITCHEN, ABOVE THE PIZZA OVENS, AT BASEMENT LIQUOR AREA. MUST REPLACE.-----WALLS THROUGHOUT THE KITCHEN WITH EXCESSIVE GREASE.----WALLS THROUGHOUT THE EMPLOYEE WASHROOM DIRTY.---- WALL FAN ABOVE THE REAR KITCHEN EXIT DOOR TO WALKWAY WITH EXCESSIVE DUST/GREASE.FLOORS THROUGHOUT THE KITCHEN AND BASEMENT LIQUOR WALK-IN COOLER WITH EXCESSIVE FOOD DEBRIS AND BROKEN BEER BOTTLES.----FLOORS THROUGHOUT BOTH BARS WITH DEBRIS. MUST CLEAN AND MAINTAIN ALL. ----MUST NOT USE CARDBOARD AS MATTING FOR FLOORS INSIDE ALL WALK-IN COOLERS AND FREEZERS. MUST PROVIDE WASHABLE MATS. | 55. PHYSICAL FACILITIES INSTALLED, MAINTAINED & CLEAN - Comments: NOTED CEILING LIGHT SHIELDS BADLY STAINED AND DIRTY. MUST CLEAN AND MAINTAIN.----DOOR OF THE EMPLOYEE WASHROOM IN EXTREMELY POOR REPAIR WITH CHIPPING, PEELING DOOR MATERIAL AND THE BOTTOM PORTION. MUST REPLACE. | 55. PHYSICAL FACILITIES INSTALLED, MAINTAINED & CLEAN - Comments: ALL CLUTTER, UNUSED EQUIPMENT, UNNECESSARY STORED ITEMS ON THE REAR WALKWAY MUST BE REMOVED FROM THE PREMISES TO PREVENT RODENT HARBORING. | 57. ALL FOOD EMPLOYEES HAVE FOOD HANDLER TRAINING - Comments: MUST PROVIDE CURRENT FOOD HANDLER TRAINING CERTIFICATES OR PROOF OF FOOD HANDLER TRAINING FOR ALL REQUIRED EMPLOYEES. | 58. ALLERGEN TRAINING AS REQUIRED - Comments: NO PROOF OF ALLERGEN TRAINING OR CERTIFICATES FOR ALL THE CITY OF CHICAGO CERTIFIED FOOD MANAGERS. MUST PROVIDE. | 60. PREVIOUS CORE VIOLATION CORRECTED - Comments: PREVIOUS CORE VIOLATIONS FROM 1-23-23 REPORT #2570121 NOT CORRECTED.#39- NOTED INDIVIDUAL TO-GO DISPOSABLE CONTAINERS AND BOWLS WITH NO HANDLE USED FOR SCOOPING SERVING FOOD AT THE SERVICE PREP COOLERS. INSTRUCTED TO PROVIDE TONGS, SERVING SPOONS, OR LADLE FOR SCOOPING FOOD.#39- FOOD CONTAINERS STORED ON FLOOR INSIDE WALK-IN COOLER/FREEZERS. MUST PROVIDE PROPER, RAISED SHELVING TO STORE FOOD CONTAINERS 6' OFF FLOOR.#53-: NOTED THE BATHROOM DOOR OF THE EMPLOYEE BATHROOM AT THE PIZZA FOOD PREP AREA NOT SELF CLOSING. INSTRUCTED TO PROVIDE A SELF CLOSING DEVICE AT THE DOOR AND MAINTAIN.#53- NOTED WASHROOMS ON PREMISE AT THE EMPLOYEE BATHROOM WITH GARBAGE RECEPTACLES AND NO LIDS. INSTRUCTED TO PROVIDE TRASH CANS WITH LIDS AT ALL WOMEN WASHROOMS AND UNISEX WASHROOMS.#55-: INSTRUCTED TO CLEAN FLOORS ALONG WALL BASE AND UNDERNEATH EQUIPMENT ESPECIALLY AT THE BASEMENT FOOD DRY STORAGE BY THE GREASE TRAP, GREASE RECEPTACLE AND HEATING UNIT.#56- NOTED HEAVY DIRT AND GREASE ACCUMULATION INSIDE, ON PIPES/CONDUITS AND ON EDGES OF THE EXHAUST HOOD AND FILTERS ABOVE COOKING EQUIPMENT. INSTRUCTED TO DETAIL CLEAN AND MAINTAIN HOOD, FILTERS AND PIPES/CONDUITS. PRIORITY FOUNDATION VIOLATION 7-42-090 CITATION ISSUED. | 61. SUMMARY REPORT DISPLAYED AND VISIBLE TO THE PUBLIC - Comments: SUMMARY REPORT GIVEN AND STATED POSTED FROM REPORT #2570121 ON 1-23-23 NOT POSTED ON THE PREMISES AT THIS TIME. TODAYS SUMMARY POSTED. PRIORITY FOUNDATION VIOLATION 7-42-010(B) CITATION ISSUED.",41.94696420186995,-87.6636616004036,"(41.94696420186995, -87.6636616004036)"
2590950,RITZ-CARLTON WATER TOWER,CLUB FLOOR,2464754,Restaurant,Risk 2 (Medium),160 E PEARSON ST ,CHICAGO,IL,60611,03/13/2024,Canvass,Pass,,41.89770258097883,-87.62346195629931,"(41.89770258097883, -87.62346195629931)"
2590946,"Colemon, Johnnie","Colemon, Johnnie",26751,School,Risk 1 (High),1441 W 119th St  (11900S) ,CHICAGO,IL,60643,03/13/2024,Canvass,Pass,54. GARBAGE & REFUSE PROPERLY DISPOSED; FACILITIES MAINTAINED - Comments: OBSERVED DRY LEAVES AND PLASTIC BOTTLES AROUND DUMPSTER. INSTRUCTED MANAGER TO CLEAN AND MAINTAIN TO PREVENT RODENT HARBORAGE.,41.6774778561333,-87.6581201090055,"(41.6774778561333, -87.6581201090055)"
2590938,Cuates Grocery,Cuates Grocery,2957016,Restaurant,Risk 1 (High),3247-3249 W MONTROSE AVE ,CHICAGO,IL,60618,03/13/2024,License,Not Ready,,41.961055755780805,-87.71012079801409,"(41.961055755780805, -87.71012079801409)"
2590918,THE CHICAGO FIREHOUSE RESTAURANT,THE CHICAGO FIREHOUSE RESTAURANT,2476940,Restaurant,Risk 1 (High),1401 S MICHIGAN AVE ,CHICAGO,IL,60605,03/13/2024,Non-Inspection,No Entry,,41.8640025957384,-87.62393204930056,"(41.8640025957384, -87.62393204930056)"
2590911,CAVA,CAVA,2951631,Restaurant,Risk 1 (High),1484 N MILWAUKEE AVE ,CHICAGO,IL,60622,03/12/2024,License Re-Inspection,Pass,,41.908871127140785,-87.6753374248646,"(41.908871127140785, -87.6753374248646)"
2590892,TWEET,TWEET,1305343,Restaurant,Risk 1 (High),5020 N SHERIDAN RD ,CHICAGO,IL,60640,03/12/2024,Canvass,Pass,"10. ADEQUATE HANDWASHING SINKS PROPERLY SUPPLIED AND ACCESSIBLE - Comments: INSTRUCTED TO PROVIDE HANDWASHING SIGNAGE AT ALL HANDSINKS (PREP/DISHWASHING AREA/WASHROOMS) | 37. FOOD PROPERLY LABELED; ORIGINAL CONTAINER - Comments: INSTRUCTED TO PROPERLY LABEL FOOD STORAGE CONTAINERS IDENTIFIED WITH COMMON NAME (FLOUR, SUGAR, BROWN SUGAR, SALT ETC).",41.97395099252853,-87.65509168924237,"(41.97395099252853, -87.65509168924237)"
2590877,SEE THRU CHINESE KITCHEN #19,SEE THRU CHINESE KITCHEN,2797211,Restaurant,Risk 1 (High),4318 S ASHLAND AVE ,CHICAGO,IL,60609,03/12/2024,Canvass Re-Inspection,Pass,"55. PHYSICAL FACILITIES INSTALLED, MAINTAINED & CLEAN - Comments: 6-201.11:OBSERVED WATER-STAINED CEILING TILES IN THE TOILET ROOM. INSTRUCTED REPLACE THE STAINED CEILING TILES.",41.81527155655249,-87.66528690980383,"(41.81527155655249, -87.66528690980383)"
2590879,CARBON,CARBON,2948782,Restaurant,Risk 3 (Low),300 W 26TH ST ,CHICAGO,IL,60616,03/12/2024,License Re-Inspection,Pass,,41.845594905580455,-87.63464866203164,"(41.845594905580455, -87.63464866203164)"
2590855,SOUTH LOOP MARKET,SOUTH LOOP MARKET,2549540,Grocery Store,Risk 1 (High),8 E 9TH ST ,CHICAGO,IL,60605,03/12/2024,Canvass,Fail,"58. ALLERGEN TRAINING AS REQUIRED - Comments: FOUND CITY OF CHICAGO FOOD SERVICE MANAGER WITHOUT PROOF OF ALLERGEN TRAINING.  ALL CITY OF CHICAGO FOOD SERVICE MANAGER MUST PROVIDE PROOF OF ALLERGEN TRAINING.  | 60. PREVIOUS CORE VIOLATION CORRECTED - Comments: FOUND CONTINUED NON COMPLIANCE FROM PREVIOUS INSPECTION REPORT #2572207 CONDUCTED ON 3/8/23:  3-601.11 OBSERVED PREPACKAGED TCS FOODS (SANDWICHES, SALADS, FRUIT, ETC.) WITHOUT LABELS CONTAINING THE INGREDIENTS IN EACH PACKAGE. INSTRUCTED TO PROVIDE.  INSTRUCTED MANAGER TO COMPLY. PRIORITY FOUNDATION VIOLATION. 7-42-090. CITATION ISSUED.",41.87063499080216,-87.62727753012125,"(41.87063499080216, -87.62727753012125)"
2590838,ALHAMBRA PALACE RESTAURANT,ALHAMBRA PALACE RESTAURANT,1718674,Restaurant,Risk 1 (High),1240 W RANDOLPH ST ,CHICAGO,IL,60607,03/12/2024,Non-Inspection,No Entry,,41.884327801685764,-87.65845724300314,"(41.884327801685764, -87.65845724300314)"
2590828,SUBWAY,SUBWAY,2522831,Restaurant,Risk 1 (High),5409 S HARLEM AVE ,CHICAGO,IL,60638,03/11/2024,Recent Inspection,Pass w/ Conditions,2. CITY OF CHICAGO FOOD SERVICE SANITATION CERTIFICATE - Comments: NO VALID CITY OF CHICAGO SANITATION CERTIFICATION ON SITE. INSTRUCTED THE PERSON IN CHARGE THAT A VALID CITY OF CHICAGO CERTIFICATE IS REQUIRED ON SITE AT ALL TIMES AS WELL AS THE CERTFIED MANAGER. PRIORITY FOUNDATION #7-38-012 CITATION ISSUED,41.793632714800815,-87.80143327210808,"(41.793632714800815, -87.80143327210808)"
2590813,SWEETGREEN,SWEETGREEN,2956609,,All,3601 N SOUTHPORT AVE ,CHICAGO,IL,60613,03/11/2024,License,Not Ready,,41.947161157127624,-87.66387070218636,"(41.947161157127624, -87.66387070218636)"
2590817,Squeez Juice Bar,Squeez Juice Bar,2757759,Restaurant,Risk 2 (Medium),705 W BELDEN AVE ,CHICAGO,IL,60614,03/11/2024,Canvass,Out of Business,,41.92355620096032,-87.64650141883769,"(41.92355620096032, -87.64650141883769)"
2590814,DO EAT,DO EAT,2492365,Restaurant,Risk 1 (High),3141 S HALSTED ST ,CHICAGO,IL,60608,03/11/2024,Canvass,Out of Business,,41.836871979178554,-87.64610208451234,"(41.836871979178554, -87.64610208451234)"
2590810,CHUCK'S PIZZA,CHUCK'S PIZZA,2693967,Restaurant,Risk 1 (High),10123 S WESTERN AVE ,CHICAGO,IL,60643,03/11/2024,Complaint,No Entry,,41.70933147991459,-87.68156400297771,"(41.70933147991459, -87.68156400297771)"
2590801,POPEYE'S #815,POPEYE'S CHICKEN,2489026,Restaurant,Risk 1 (High),3204 S ASHLAND AVE ,CHICAGO,IL,60608,03/11/2024,Complaint Re-Inspection,Pass,"55. PHYSICAL FACILITIES INSTALLED, MAINTAINED & CLEAN - Comments: 6-201.11 OBSERVED WALLS NOT COVERED BEHIND THE 2-DOOR REFRIGERATOR AND THE SOUP UNIT LOCATED ACROSS FROM THE WALK-IN COOLER/FREEZER. OBSERVED FLOORS NEED TO BE RE-GROUTED BY THE 3-COMPARTMENT SINK. OBSERVED SOME CRACKED FLOOR TILES. INSTRUCTED TO MAKE ALL SURFACES SMOOTH AND EASILY CLEANABLE.",41.8353362239431,-87.66583085901608,"(41.8353362239431, -87.66583085901608)"
2590797,SABROSO,SABROSO,2664160,Restaurant,Risk 1 (High),624 N ASHLAND AVE ,CHICAGO,IL,60622,03/11/2024,Complaint Re-Inspection,Pass,49. NON-FOOD/FOOD CONTACT SURFACES CLEAN - Comments: 4-602.13 OBSERVED DUST AND DEBRIS BUILD UP ON SHELVING IN THE WALK-IN COOLER AND INSTRUCTED THE MANAGER TO CLEAN.,41.893249885934495,-87.66735616835486,"(41.893249885934495, -87.66735616835486)"
2590793,THE ATLANTIC BAR & GRILL,THE ATLANTIC BAR & GRILL,12594,Restaurant,Risk 1 (High),5062 N LINCOLN AVE ,CHICAGO,IL,60625,03/11/2024,Complaint,No Entry,,41.97341239266947,-87.69181746370495,"(41.97341239266947, -87.69181746370495)"
2590779,POTBELLY SANDWICH WORKS,POTBELLY SANDWICH WORKS,1841496,Restaurant,Risk 1 (High),924 W BELMONT AVE ,CHICAGO,IL,60657,03/11/2024,Canvass,Fail,"16. FOOD-CONTACT SURFACES: CLEANED & SANITIZED - Comments: OBSERVED SLIGHT BUILD UP ON SODA ICE MACHINE CHUTE AND ICE MACHINE. MUST CLEAN ICE CHUTE AND INTERIOR/EXTERIOR OF ICE MACHINE AND MAINTAIN. | 38. INSECTS, RODENTS, & ANIMALS NOT PRESENT - Comments: NO PEST CONTROL LOGBOOK ON PREMISES. INSTRUCTED MANAGER MUST PROVIDE A PEST CONTROL LOGBOOK FROM A LICENSED ILLINOIS PEST CONTROL OPERATOR ON PREMISES BY DATE OF REINSPECTION. PRIORITY FOUNDATION 7-38-020(C). | 53. TOILET FACILITIES: PROPERLY CONSTRUCTED, SUPPLIED, & CLEANED - Comments: NO COVERED TRASH RECEPTACLES INSIDE WASHROOMS. MUST PROVIDE COVERED TRASH RECEPTACLES FOR BOTH WASHROOMS. | 55. PHYSICAL FACILITIES INSTALLED, MAINTAINED & CLEAN - Comments: OBSERVED FLOOR NOT CLEAN IN CABINET UNDER SODA MACHINE ALSO OBSERVED FOOD/GREASE ON FLOOR AROUND 3-COMPARMENT SINK GREASE TRAP. MUST CLEAN FLOOR AND MAINTAIN.",41.94004450704706,-87.65253926108572,"(41.94004450704706, -87.65253926108572)"
2590767,EVERETTE'S COFFEE,EVERETTE'S COFFEE,2943851,Wholesale,Risk 3 (Low),4256 W DIVERSEY AVE ,CHICAGO,IL,60639,03/11/2024,License Re-Inspection,Pass,"55. PHYSICAL FACILITIES INSTALLED, MAINTAINED & CLEAN - Comments:  INSTRUCTED TO INSTALL FRP PANELS ON WALL ABOVE THREE COMPARTMENT SINK AND HANDWASHING SINK. WALLS SHALL BE SMOOTH FOR EASE OF CLEANABILITY. ",41.93181168104503,-87.73378074614565,"(41.93181168104503, -87.73378074614565)"
2590750,PANADERIA DULCE ILUSION,PANADERIA DULCE ILUSION,2956733,Bakery,Risk 2 (Medium),313 E 115TH ST ,CHICAGO,IL,60628,03/11/2024,License,Pass,,41.68529437668452,-87.61509232324005,"(41.68529437668452, -87.61509232324005)"
2590745,BUDDY GUY'S LEGENDS,BUDDY GUY'S LEGENDS,2008916,Restaurant,Risk 1 (High),700 S WABASH AVE ,CHICAGO,IL,60605,03/11/2024,Non-Inspection,No Entry,,41.87305961703914,-87.62611158755108,"(41.87305961703914, -87.62611158755108)"
2590740,CHICAGO HOPE ACADEMY,CHICAGO HOPE ACADEMY,1772551,School,Risk 1 (High),2189 W BOWLER ST ,CHICAGO,IL,60612,03/08/2024,Non-Inspection,No Entry,,41.870068019553386,-87.68090750663286,"(41.870068019553386, -87.68090750663286)"
2590723,TASTY CHICAGO LLC,TASTY CHICAGO,2781265,Mobile Food Preparer,Risk 2 (Medium),135 N KEDZIE AVE ,CHICAGO,IL,60612,03/08/2024,Canvass,Pass,,41.88390509704504,-87.70605925083947,"(41.88390509704504, -87.70605925083947)"
2590712,CHIP CITY,CHIP CITY,2956591,,Risk 1 (High),750 N RUSH ST ,CHICAGO,IL,60611,03/08/2024,License,Not Ready,,41.89645531336705,-87.62564516650414,"(41.89645531336705, -87.62564516650414)"
2590690,JEWEL FOOD STORE #3176,JEWEL FOOD STORE #3176,1404,Grocery Store,Risk 1 (High),9400 S ASHLAND AVE ,CHICAGO,IL,60620,03/08/2024,Canvass,Pass w/ Conditions,"8. HANDS CLEAN & PROPERLY WASHED - Comments: OBSERVED POOR HYGIENIC PRACTICIES BY SEVERAL FOOD HANDLERS IN DELI PREP AREA-A FEMALE FOOD HANDLER WASHING DISHES AND THEN STARTED REMOVING ARTICLES FROM PREP TABLES WITHOUT WASHING HANDS.MALE FOOD HANDLER HAD ON PLASTIC GLOVES AND THEN PLACED ON HOT HOLDING GLOVES AND REMOVED CHICKEN FROM FRYER THEN REMOVED THE HOT GLOVES AND STILL HAD ON GLOVES AND HANDLED READY TO EAT CHICKEN WITH THE SAME GLOVES WITHOUT WASHING HANDS.BAKERY PREP AREA-FEMALE FOOD HANDLER HANDLED THE BROOM AND DUST PAN THEN PUT ON PLASTIC GLOVES AND ROLLED A BAERY ROLLING CART INTO OVEN WITHOUT WASHING HANDS.MEAT DEPT PREP AREA-MALE FOOD HANDLER PULLING UP HIS PANTS SEVERAL TIMES AND REMOVING PACKAGED MEATS FROM BOXES WITHOUT WASHING HANDS.MANAGER INSTRUCTED ALL EMPLOYEES TO WASH HANDS DURING INSPECTION.MUST WASH HANDS AFTER EVERY POSSIBLE CONTAMINATION.(COS)(PRIORITY 7-38-010)(CITATION ISSUED) | 10. ADEQUATE HANDWASHING SINKS PROPERLY SUPPLIED AND ACCESSIBLE - Comments: OBSERVED NO HAND DRYING DEVICES AT HAND SINKS WHILE FOOD IS BEING PREPARED AND HANDLED IN PRODUCE PREP AREA AND MEAT PROCESSING PREP AREA,STAFF MEN'S TOILET ROOM PAPER TOWELS WERE PROVIDED DURING INSPECTION.MUST PROVIDE AND MAINTAIN AT ALL TIMES.(PRIORITY FOUNDATION 7-38-030(C)(CITATION ISSUED)(COS) | 10. ADEQUATE HANDWASHING SINKS PROPERLY SUPPLIED AND ACCESSIBLE - Comments: OBSERVED HAND WASHING SINK NOT ACCESSIBLE IN PRODUCE PREP AREA OBSERVED A CART STORED IN FRONT OF SAID SINK. CART WAS REMOVED DURING INSPECTION. MUST KEEP HAND SINK ACCESSIBLE AT ALL TIMES.(PRIORITY FOUNDATION 7-38-030(C)(CITATION ISSUED)(COS)(CONSOLIDATED VIOLATION) | 14. REQUIRED RECORDS AVAILABLE: SHELLSTOCK TAGS, PARASITE DESTRUCTION - Comments: OBSERVED 90-DAY SHELLFISH TAGS WITHOUT LAST DATE SOLD OR SERVED OF SHELLFISH (OYSTERS)ON TAG MUST PROVIDE AND MAINTAIN.(PRIORITY FOUNDATION 7-38-005)(COS)(CITATION ISSUED) | 16. FOOD-CONTACT SURFACES: CLEANED & SANITIZED - Comments: OBSERVED IMPROPER SANITIZING OF MULTI-USE UTENSILS AT 0.0PPM'S AT FRONT 3- COMPARTMENT SINK IN FISH/MEAT PREP /DISH WASHING AREA. OBSERVED MALE EMPLOYEE WITH A BUCKET OF SOAPY WATER IN MIDDLE COMPARTMENT OF SINK WASHING KNIVES WITH A SCRUBBER IN HAND AND RINSING UNDER RUNNING WATER AND SINK NOT SET-UP TO PROPERLY WASH,RINSE AND SANITIZE UTENSILS AT THIS TIME. MANAGER INSTRUCTED EMPLOYEE ON HOW TO SET UP SINK DURING INSPECTION.(PRIORITY 7-38-025)(COS)(CITATION ISSUED) | 28. TOXIC SUBSTANCES PROPERLY IDENTIFIED, STORED, & USED - Comments: OBSERVED TOXIC SPRAY BOTTLES OF SANITIZER LAYING DOWN ON PREP TABLES AMONGST FOOD BEING PREPPED AND HANGING ON BACK OF PREP TABLES IN DELI-HOT FOOD PREP AREA. TOXIC ITEMS WERE REMOVED AND PLACED IN PROPER STORAGE AREA FOR CHEMICALS DURING INSPECTION.(COS)(PRIORITY 7-38-005)(CITATION ISSUED) | 36. THERMOMETERS PROVIDED & ACCURATE - Comments: OBSERVED EXTERIOR THERMOMETER OF 3- DOOR CHICKEN REACH IN COOLER IN DELI-HOT FOOD PREP AREA MALFUNCTIONING (DISPLAY TEMPERATURE CHANGING CONTINOUSLY) INSTRUCTED TO PROVIDE AN INTERIOR THERMOMETER UNTIL REPAIRED. | 37. FOOD PROPERLY LABELED; ORIGINAL CONTAINER - Comments: MUST LABEL FOOD STORAGE CONTAINERS WHEN FOOD IS NOT IN ORIGINAL PACKAGE IN BAKERY & DELI PREP AREAS. | 46. GLOVES USED PROPERLY - Comments: OBSERVED INADEQUATE HAND WASHING AND USAGE OF PLASTIC GLOVES WITHOUT PROPER HAND WASHING. | 47. FOOD & NON-FOOD CONTACT SURFACES CLEANABLE, PROPERLY DESIGNED, CONSTRUCTED & USED - Comments: MUST ELIMINATE CRATES USED FOR STORAGE IN PRODUCE PREP AREA AND PROVIDE ADEQUATE SHELVING UNITS AND RUST FROM CEILING VENT IN REAR MEAT PREP AREA TO BE EASILY CLEANABLE. | 47. FOOD & NON-FOOD CONTACT SURFACES CLEANABLE, PROPERLY DESIGNED, CONSTRUCTED & USED - Comments: MUST REPAIR OR REPLACE LOOSE OVERHEAD SHELVING UNIT  AND LOOSE CAULKING AT HOOD OF VENTILATION UNIT IN DELI PREP AREA. | 49. NON-FOOD/FOOD CONTACT SURFACES CLEAN - Comments: MUST CLEAN GREASE AND FOOD DEBRIS BUILD UP IN DELI/HOT FOOD PREP-EXTERIOR OF CHICKEN COOLER,PREP TABLES,LOWER SHELVING UNIT OF HOT HOLDING UNITS,WALK IN COOLER CARTS.BAKERY- INTERIOR & EXTERIOR OF STORAGE CARTS & PREP TABLES,DELIME DISH MACHINE. | 51. PLUMBING INSTALLED; PROPER BACKFLOW DEVICES - Comments: MUST REPAIR OR REPLACE LEAKY FAUCET AT 1- COMPARTMENT SINK IN DELI PREP AREA & BAKERY- 3- COMP SINK ,SLOW DRAIN AT CUSTOMER'S MEN'S TOILET ROOM HAND SINK. | 53. TOILET FACILITIES: PROPERLY CONSTRUCTED, SUPPLIED, & CLEANED - Comments: OBSERVED NO GARBAGE CAN WITH LID IN STAFF WOMEN'S TOILET ROOM MUST PROVIDE AND MAINTAIN. | 55. PHYSICAL FACILITIES INSTALLED, MAINTAINED & CLEAN - Comments: MUST CLEAN FOOD DEBRIS BUILD UP FROM WALLS IN DELI/HOT FOOD PREP AREAS,BAKERY WALK IN COOLER-UPPER WALL,MEAT/FISH DEPT.MUST CLEAN DUST BUILD UP FROM CEILING TILES AND VENTS IN DELI & BAKERY PREP AREAS. | 55. PHYSICAL FACILITIES INSTALLED, MAINTAINED & CLEAN - Comments: MUST REPAIR OR REPLACE DAMAGED CEILING IN MOPSINK AREA,STAINED CEILING TILES ON SALES FLOOR IN PRODUCE AREA & BANANA HOLDING AREA,STAFF WOMEN'S TOILET ROOM. | 55. PHYSICAL FACILITIES INSTALLED, MAINTAINED & CLEAN - Comments: MUST SCRAPE CHIPPING AND PEELING PAINT ON UPPER WALL IN HOT FOOD PREP AREA,MEAT/FISH PILLARS IN FRONT PREP AREA TO BE SMOOTH AND EASILY CLEANABLE. | 55. PHYSICAL FACILITIES INSTALLED, MAINTAINED & CLEAN - Comments: MUST ELEVATE,REMOVE AND ORGANIZE ARTICLES OFF OF FLOOR AND AWAY FROM WALLS IN JEWEL/OSCO REAR STORAGE AREAS. | 55. PHYSICAL FACILITIES INSTALLED, MAINTAINED & CLEAN - Comments: MUST CLEAN DEBRIS AND FOOD BUILD UP FROM FLOOR UNDER,AROUND,ALONG WALL BASES THROUGHOUT ALL PREP AREAS,WALK IN COOLERS AND FREEZERS,SALES FLOOR UNDER DISPLAY SHELVES. | 56. ADEQUATE VENTILATION & LIGHTING; DESIGNATED AREAS USED - Comments: MUST REPAIR OR REPLACE BURNTOUT LIGHTS IN DELI & BAKERY WALK IN COOLER & BAKERY & SEAFOOD WALK IN FREEZER. | 56. ADEQUATE VENTILATION & LIGHTING; DESIGNATED AREAS USED - Comments: MUST CLEAN DEBRIS AND GREASE BUILD UP AT HOOD OF COOKING EQUIPMENT IN HOT FOOD PREP.",41.72294121820967,-87.66286287127305,"(41.72294121820967, -87.66286287127305)"
2590664,CHICAGO OYSTER HOUSE,CHICAGO OYSTER HOUSE,1477344,Restaurant,Risk 1 (High),1933 S INDIANA AVE ,CHICAGO,IL,60616,03/08/2024,Complaint Re-Inspection,Pass,"44. UTENSILS, EQUIPMENT & LINENS: PROPERLY STORED, DRIED, & HANDLED - Comments: 4-904.11: OBSERVED TABLEWARE (FORKS AND PLATES) NOT INVERTED STORED IN THE CABINET UNDER THE SERVER STATION NEAR THE LIQUOR STORAGE CLOSET. INSTRUCTED TO INVERT ALL MENTIONED ITEMS AND MAINTAIN. | 55. PHYSICAL FACILITIES INSTALLED, MAINTAINED & CLEAN - Comments: 6-201.11: OBSERVED THE BOTTOM OF THE WALL BEHIND THE ICE MACHINE IN THE REAR FOOD PREP AREA WITH DAMAGED TILES ALONG THE ENTIRE WALL. INSTRUCTED TO REPAIR SAID TILES TO SEAL OPENINGS AND TO MAKE SURFACE SMOOTH AND EASILY CLEANABLE.",41.85568293170037,-87.62213496913485,"(41.85568293170037, -87.62213496913485)"
2590658,ARTURO'S MEXICAN FOOD,ARTURO'S MEXICAN FOOD,2948601,Restaurant,Risk 1 (High),7146 W DIVERSEY AVE ,CHICAGO,IL,60707,03/08/2024,License Re-Inspection,Pass,,41.9308726678483,-87.80558156527526,"(41.9308726678483, -87.80558156527526)"
2590653,ERIS BREWERY AND CIDER HOUSE,ERIS BREWERY AND CIDER HOUSE,2321253,Restaurant,Risk 1 (High),4240 W IRVING PARK RD ,CHICAGO,IL,60641,03/07/2024,Complaint,Fail,"55. PHYSICAL FACILITIES INSTALLED, MAINTAINED & CLEAN - Comments: OBSERVED RAW WOOD UNDER HAND SINK HAND SINK BEHIND BAR. PAINT OR SEAL RAW WOOD SO THAT IT IS NON ABSORBANT SMOOTH AND EASILY CLEANBALE. | 60. PREVIOUS CORE VIOLATION CORRECTED - Comments: OBSERVED PREVIOUS CORE VIOLATIONS FROM REPORT #2577079 DATED 6/9/23 NOT CORRECTED INCLUDING VIOLATION #48 OBSERVED GUAGES FOR WASH RINSE AND FINAL RINSE WERE NOT WORKING. PRIORITY FOUNDATION VIOLATION 7-42-090",41.95368581782097,-87.73412338676303,"(41.95368581782097, -87.73412338676303)"
